{
  "user": [
    {
      "id": 1,
      "userName": "gaurav",
      "password": "password"
    },
    {
      "userName": "asvdg@gmail.com",
      "password": "Pass@123",
      "confirmPassword": "Pasmk",
      "id": 2
    },
    {
      "userName": "Pass@gmail.com",
      "password": "Pass@123",
      "confirmPassword": "pass@123",
      "id": 3
    },
    {
      "userName": "Gaurav@gamil.com",
      "password": "Pass@122",
      "confirmPassword": "Pass@122",
      "id": 4
    },
    {
      "userName": "gaurav@gmail.com",
      "password": "Pass@123",
      "confirmPassword": "Pass@123",
      "id": 5
    }
  ],
  "quote": [
    {
      "id": 1,
      "authorName": "Gaurav patil",
      "quote": "What You Think that is not every think",
      "date": "2023-10-06",
      "gender": "Male",
      "quoteType": "Natural"
    },
    {
      "id": 2,
      "authorName": "Vivek Patil",
      "quote": "Hello Gaurav Today Is banknifty expiry day",
      "date": "2023-10-06",
      "gender": "Male",
      "quoteType": "Joyfull"
    },
    {
      "id": 3,
      "authorName": "Charming",
      "quote": "Today is Most beautiful line is Maa Jagat janani",
      "date": "2023-10-05",
      "gender": "Female",
      "quoteType": "Motivational"
    },
    {
      "id": 4,
      "authorName": "power of stock",
      "quote": "If you have profit forgot that and if you have loss learn from them",
      "date": "2023-10-05",
      "gender": "Male",
      "quoteType": "Enjoyment"
    },
    {
      "id": 7,
      "authorName": "conceptual trader",
      "quote": "take short loss and get big profit",
      "date": "2023-10-05",
      "gender": "Female",
      "quoteType": "Joyfull"
    },
    {
      "id": 8,
      "authorName": "Patil",
      "quote": "I am interested like breakout",
      "date": "2023-10-26",
      "gender": "Male",
      "quoteType": "Motivational"
    }
  ]
}